name;competence;willingness;action
Alice;0.6;0.6499999999999999;search
Alice;0.7;0.65;rescue
Alice;0.30000000000000004;0.6499999999999999;remove
