name;competence;willingness;action
Alice;0.5499999999999999;0.95;search
Alice;0.7999999999999999;1.0;rescue
Alice;0.10000000000000003;1.0;remove
